-- MySQL dump 10.13  Distrib 8.0.20, for Linux (x86_64)
--
-- Host: localhost    Database: ecommerce
-- ------------------------------------------------------
-- Server version	8.0.20-0ubuntu0.20.04.1

/*!40101 SET @OLD_CHARACTER_SET_CLIENT=@@CHARACTER_SET_CLIENT */;
/*!40101 SET @OLD_CHARACTER_SET_RESULTS=@@CHARACTER_SET_RESULTS */;
/*!40101 SET @OLD_COLLATION_CONNECTION=@@COLLATION_CONNECTION */;
/*!50503 SET NAMES utf8mb4 */;
/*!40103 SET @OLD_TIME_ZONE=@@TIME_ZONE */;
/*!40103 SET TIME_ZONE='+00:00' */;
/*!40014 SET @OLD_UNIQUE_CHECKS=@@UNIQUE_CHECKS, UNIQUE_CHECKS=0 */;
/*!40014 SET @OLD_FOREIGN_KEY_CHECKS=@@FOREIGN_KEY_CHECKS, FOREIGN_KEY_CHECKS=0 */;
/*!40101 SET @OLD_SQL_MODE=@@SQL_MODE, SQL_MODE='NO_AUTO_VALUE_ON_ZERO' */;
/*!40111 SET @OLD_SQL_NOTES=@@SQL_NOTES, SQL_NOTES=0 */;

--
-- Current Database: `ecommerce`
--

CREATE DATABASE /*!32312 IF NOT EXISTS*/ `ecommerce` /*!40100 DEFAULT CHARACTER SET utf8mb4 COLLATE utf8mb4_0900_ai_ci */ /*!80016 DEFAULT ENCRYPTION='N' */;

USE `ecommerce`;

--
-- Table structure for table `brand`
--

DROP TABLE IF EXISTS `brand`;
/*!40101 SET @saved_cs_client     = @@character_set_client */;
/*!50503 SET character_set_client = utf8mb4 */;
CREATE TABLE `brand` (
  `id` int NOT NULL AUTO_INCREMENT,
  `name` varchar(255) COLLATE utf8mb4_unicode_ci NOT NULL,
  PRIMARY KEY (`id`)
) ENGINE=InnoDB AUTO_INCREMENT=16 DEFAULT CHARSET=utf8mb4 COLLATE=utf8mb4_unicode_ci;
/*!40101 SET character_set_client = @saved_cs_client */;

--
-- Dumping data for table `brand`
--

LOCK TABLES `brand` WRITE;
/*!40000 ALTER TABLE `brand` DISABLE KEYS */;
INSERT INTO `brand` VALUES (1,'Fischer'),(2,'Rossignol'),(3,'Canada Goose'),(4,'Gore-Tex'),(5,'The North Face'),(6,'O\'neil'),(7,'Skyder'),(8,'Roxy'),(9,'Eider'),(10,'Dynastar'),(11,'Head'),(12,'Salomon'),(13,'Atomic'),(14,'Elan'),(15,'Volkl');
/*!40000 ALTER TABLE `brand` ENABLE KEYS */;
UNLOCK TABLES;

--
-- Table structure for table `category`
--

DROP TABLE IF EXISTS `category`;
/*!40101 SET @saved_cs_client     = @@character_set_client */;
/*!50503 SET character_set_client = utf8mb4 */;
CREATE TABLE `category` (
  `id` int NOT NULL AUTO_INCREMENT,
  `name` varchar(255) COLLATE utf8mb4_unicode_ci NOT NULL,
  PRIMARY KEY (`id`)
) ENGINE=InnoDB AUTO_INCREMENT=6 DEFAULT CHARSET=utf8mb4 COLLATE=utf8mb4_unicode_ci;
/*!40101 SET character_set_client = @saved_cs_client */;

--
-- Dumping data for table `category`
--

LOCK TABLES `category` WRITE;
/*!40000 ALTER TABLE `category` DISABLE KEYS */;
INSERT INTO `category` VALUES (1,'Ski de fond'),(2,'Ski de piste'),(3,'Ski de montagne'),(4,'Snow'),(5,'Vêtement');
/*!40000 ALTER TABLE `category` ENABLE KEYS */;
UNLOCK TABLES;

--
-- Table structure for table `doctrine_migration_versions`
--

DROP TABLE IF EXISTS `doctrine_migration_versions`;
/*!40101 SET @saved_cs_client     = @@character_set_client */;
/*!50503 SET character_set_client = utf8mb4 */;
CREATE TABLE `doctrine_migration_versions` (
  `version` varchar(191) COLLATE utf8_unicode_ci NOT NULL,
  `executed_at` datetime DEFAULT NULL,
  `execution_time` int DEFAULT NULL,
  PRIMARY KEY (`version`)
) ENGINE=InnoDB DEFAULT CHARSET=utf8 COLLATE=utf8_unicode_ci;
/*!40101 SET character_set_client = @saved_cs_client */;

--
-- Dumping data for table `doctrine_migration_versions`
--

LOCK TABLES `doctrine_migration_versions` WRITE;
/*!40000 ALTER TABLE `doctrine_migration_versions` DISABLE KEYS */;
INSERT INTO `doctrine_migration_versions` VALUES ('DoctrineMigrations\\Version20200806183349','2020-08-06 20:34:02',970);
/*!40000 ALTER TABLE `doctrine_migration_versions` ENABLE KEYS */;
UNLOCK TABLES;

--
-- Table structure for table `product`
--

DROP TABLE IF EXISTS `product`;
/*!40101 SET @saved_cs_client     = @@character_set_client */;
/*!50503 SET character_set_client = utf8mb4 */;
CREATE TABLE `product` (
  `id` int NOT NULL AUTO_INCREMENT,
  `category_id` int NOT NULL,
  `brand_id` int NOT NULL,
  `stock` int NOT NULL,
  `price` double NOT NULL,
  `description` longtext COLLATE utf8mb4_unicode_ci NOT NULL,
  `creation_date` date NOT NULL,
  `name` varchar(255) COLLATE utf8mb4_unicode_ci NOT NULL,
  `image` varchar(255) COLLATE utf8mb4_unicode_ci NOT NULL,
  PRIMARY KEY (`id`),
  KEY `IDX_D34A04AD12469DE2` (`category_id`),
  KEY `IDX_D34A04AD44F5D008` (`brand_id`),
  CONSTRAINT `FK_D34A04AD12469DE2` FOREIGN KEY (`category_id`) REFERENCES `category` (`id`),
  CONSTRAINT `FK_D34A04AD44F5D008` FOREIGN KEY (`brand_id`) REFERENCES `brand` (`id`)
) ENGINE=InnoDB AUTO_INCREMENT=45 DEFAULT CHARSET=utf8mb4 COLLATE=utf8mb4_unicode_ci;
/*!40101 SET character_set_client = @saved_cs_client */;

--
-- Dumping data for table `product`
--

LOCK TABLES `product` WRITE;
/*!40000 ALTER TABLE `product` DISABLE KEYS */;
INSERT INTO `product` VALUES (1,1,2,50,339.9,'Destiné aux skieurs techniques et friands de compétition, le Hero Elite MT CA propose une nouvelle alternative à la gamme Hero de chez Rossignol.\n\nAvec la présence de carbone dans sa structure, le Hero Elite MT CA est un ski puissant inspiré de la course sans pour autant être aussi exigent qu\'un ski à construction en titane. Son rayon polyvalent de 14m lui permet de pouvoir être envoyé sur différents types de courbes, afin de pouvoir varier les plaisirs.\n\nA l\'image du reste des skis de la gamme Hero Elite, ce modèle dispose de la technologie LCT (Line Control technology) qui permet de limiter l\'effet de contre flex grâce à la présence d\'un rail sur toute la longueur du ski, apportant une meilleure maitrise des trajectoire à tout instant. \n\nGrâce à un noyau en peuplier apportant un flex homogène et à un léger rocker en spatule, le Hero Elite MT CA propose un excellent compromis entre accessibilité et agressivité, un ski facile à prendre en main dès lors que l\'on dispose d\'une certaine technique et permettant tout de même une grande agressivité sur les pistes lorsque l\'envie nous prend.\n\nDestiné donc aux skieurs techniques à la recherche d\'un bon compromis entre un ski purement typé compétition et un ski trop peu puissant, ces skieurs se retrouveront parfaitement dans ce modèle qui sera capable de s\'adapter à votre style en fonction de leur humeur sur les pistes.','2020-08-06','Une paire de ski de fond','/img/ski_de_fond/ski_de_fond.jpg'),(2,1,12,70,59.9,'Destiné aux skieurs techniques et friands de compétition, le Hero Elite MT CA propose une nouvelle alternative à la gamme Hero de chez Rossignol.\n\nAvec la présence de carbone dans sa structure, le Hero Elite MT CA est un ski puissant inspiré de la course sans pour autant être aussi exigent qu\'un ski à construction en titane. Son rayon polyvalent de 14m lui permet de pouvoir être envoyé sur différents types de courbes, afin de pouvoir varier les plaisirs.\n\nA l\'image du reste des skis de la gamme Hero Elite, ce modèle dispose de la technologie LCT (Line Control technology) qui permet de limiter l\'effet de contre flex grâce à la présence d\'un rail sur toute la longueur du ski, apportant une meilleure maitrise des trajectoire à tout instant. \n\nGrâce à un noyau en peuplier apportant un flex homogène et à un léger rocker en spatule, le Hero Elite MT CA propose un excellent compromis entre accessibilité et agressivité, un ski facile à prendre en main dès lors que l\'on dispose d\'une certaine technique et permettant tout de même une grande agressivité sur les pistes lorsque l\'envie nous prend.\n\nDestiné donc aux skieurs techniques à la recherche d\'un bon compromis entre un ski purement typé compétition et un ski trop peu puissant, ces skieurs se retrouveront parfaitement dans ce modèle qui sera capable de s\'adapter à votre style en fonction de leur humeur sur les pistes.','2020-08-06','Une paire de ski de fond presque gratuite','/img/ski_de_fond/ski_de_fond.jpg'),(3,1,12,30,299.9,'Destiné aux skieurs techniques et friands de compétition, le Hero Elite MT CA propose une nouvelle alternative à la gamme Hero de chez Rossignol.\n\nAvec la présence de carbone dans sa structure, le Hero Elite MT CA est un ski puissant inspiré de la course sans pour autant être aussi exigent qu\'un ski à construction en titane. Son rayon polyvalent de 14m lui permet de pouvoir être envoyé sur différents types de courbes, afin de pouvoir varier les plaisirs.\n\nA l\'image du reste des skis de la gamme Hero Elite, ce modèle dispose de la technologie LCT (Line Control technology) qui permet de limiter l\'effet de contre flex grâce à la présence d\'un rail sur toute la longueur du ski, apportant une meilleure maitrise des trajectoire à tout instant. \n\nGrâce à un noyau en peuplier apportant un flex homogène et à un léger rocker en spatule, le Hero Elite MT CA propose un excellent compromis entre accessibilité et agressivité, un ski facile à prendre en main dès lors que l\'on dispose d\'une certaine technique et permettant tout de même une grande agressivité sur les pistes lorsque l\'envie nous prend.\n\nDestiné donc aux skieurs techniques à la recherche d\'un bon compromis entre un ski purement typé compétition et un ski trop peu puissant, ces skieurs se retrouveront parfaitement dans ce modèle qui sera capable de s\'adapter à votre style en fonction de leur humeur sur les pistes.','2020-08-06','Une paire de ski de fond','/img/ski_de_fond/ski_de_fond.jpg'),(4,1,12,30,229.9,'Destiné aux skieurs techniques et friands de compétition, le Hero Elite MT CA propose une nouvelle alternative à la gamme Hero de chez Rossignol.\n\nAvec la présence de carbone dans sa structure, le Hero Elite MT CA est un ski puissant inspiré de la course sans pour autant être aussi exigent qu\'un ski à construction en titane. Son rayon polyvalent de 14m lui permet de pouvoir être envoyé sur différents types de courbes, afin de pouvoir varier les plaisirs.\n\nA l\'image du reste des skis de la gamme Hero Elite, ce modèle dispose de la technologie LCT (Line Control technology) qui permet de limiter l\'effet de contre flex grâce à la présence d\'un rail sur toute la longueur du ski, apportant une meilleure maitrise des trajectoire à tout instant. \n\nGrâce à un noyau en peuplier apportant un flex homogène et à un léger rocker en spatule, le Hero Elite MT CA propose un excellent compromis entre accessibilité et agressivité, un ski facile à prendre en main dès lors que l\'on dispose d\'une certaine technique et permettant tout de même une grande agressivité sur les pistes lorsque l\'envie nous prend.\n\nDestiné donc aux skieurs techniques à la recherche d\'un bon compromis entre un ski purement typé compétition et un ski trop peu puissant, ces skieurs se retrouveront parfaitement dans ce modèle qui sera capable de s\'adapter à votre style en fonction de leur humeur sur les pistes.','2020-08-06','Une paire de ski de fond','/img/ski_de_fond/ski_de_fond.jpg'),(5,1,12,25,199.9,'Destiné aux skieurs techniques et friands de compétition, le Hero Elite MT CA propose une nouvelle alternative à la gamme Hero de chez Rossignol.\n\nAvec la présence de carbone dans sa structure, le Hero Elite MT CA est un ski puissant inspiré de la course sans pour autant être aussi exigent qu\'un ski à construction en titane. Son rayon polyvalent de 14m lui permet de pouvoir être envoyé sur différents types de courbes, afin de pouvoir varier les plaisirs.\n\nA l\'image du reste des skis de la gamme Hero Elite, ce modèle dispose de la technologie LCT (Line Control technology) qui permet de limiter l\'effet de contre flex grâce à la présence d\'un rail sur toute la longueur du ski, apportant une meilleure maitrise des trajectoire à tout instant. \n\nGrâce à un noyau en peuplier apportant un flex homogène et à un léger rocker en spatule, le Hero Elite MT CA propose un excellent compromis entre accessibilité et agressivité, un ski facile à prendre en main dès lors que l\'on dispose d\'une certaine technique et permettant tout de même une grande agressivité sur les pistes lorsque l\'envie nous prend.\n\nDestiné donc aux skieurs techniques à la recherche d\'un bon compromis entre un ski purement typé compétition et un ski trop peu puissant, ces skieurs se retrouveront parfaitement dans ce modèle qui sera capable de s\'adapter à votre style en fonction de leur humeur sur les pistes.','2020-08-06','Une paire de ski de fond','/img/ski_de_fond/ski_de_fond.jpg'),(6,1,2,25,459.9,'Destiné aux skieurs techniques et friands de compétition, le Hero Elite MT CA propose une nouvelle alternative à la gamme Hero de chez Rossignol.\n\nAvec la présence de carbone dans sa structure, le Hero Elite MT CA est un ski puissant inspiré de la course sans pour autant être aussi exigent qu\'un ski à construction en titane. Son rayon polyvalent de 14m lui permet de pouvoir être envoyé sur différents types de courbes, afin de pouvoir varier les plaisirs.\n\nA l\'image du reste des skis de la gamme Hero Elite, ce modèle dispose de la technologie LCT (Line Control technology) qui permet de limiter l\'effet de contre flex grâce à la présence d\'un rail sur toute la longueur du ski, apportant une meilleure maitrise des trajectoire à tout instant. \n\nGrâce à un noyau en peuplier apportant un flex homogène et à un léger rocker en spatule, le Hero Elite MT CA propose un excellent compromis entre accessibilité et agressivité, un ski facile à prendre en main dès lors que l\'on dispose d\'une certaine technique et permettant tout de même une grande agressivité sur les pistes lorsque l\'envie nous prend.\n\nDestiné donc aux skieurs techniques à la recherche d\'un bon compromis entre un ski purement typé compétition et un ski trop peu puissant, ces skieurs se retrouveront parfaitement dans ce modèle qui sera capable de s\'adapter à votre style en fonction de leur humeur sur les pistes.','2020-08-06','Une paire de ski de fond','/img/ski_de_fond/ski_de_fond.jpg'),(7,1,2,20,359.9,'Destiné aux skieurs techniques et friands de compétition, le Hero Elite MT CA propose une nouvelle alternative à la gamme Hero de chez Rossignol.\n\nAvec la présence de carbone dans sa structure, le Hero Elite MT CA est un ski puissant inspiré de la course sans pour autant être aussi exigent qu\'un ski à construction en titane. Son rayon polyvalent de 14m lui permet de pouvoir être envoyé sur différents types de courbes, afin de pouvoir varier les plaisirs.\n\nA l\'image du reste des skis de la gamme Hero Elite, ce modèle dispose de la technologie LCT (Line Control technology) qui permet de limiter l\'effet de contre flex grâce à la présence d\'un rail sur toute la longueur du ski, apportant une meilleure maitrise des trajectoire à tout instant. \n\nGrâce à un noyau en peuplier apportant un flex homogène et à un léger rocker en spatule, le Hero Elite MT CA propose un excellent compromis entre accessibilité et agressivité, un ski facile à prendre en main dès lors que l\'on dispose d\'une certaine technique et permettant tout de même une grande agressivité sur les pistes lorsque l\'envie nous prend.\n\nDestiné donc aux skieurs techniques à la recherche d\'un bon compromis entre un ski purement typé compétition et un ski trop peu puissant, ces skieurs se retrouveront parfaitement dans ce modèle qui sera capable de s\'adapter à votre style en fonction de leur humeur sur les pistes.','2020-08-06','Une paire de ski de fond','/img/ski_de_fond/ski_de_fond.jpg'),(8,2,2,20,359.9,'Destiné aux skieurs techniques et friands de compétition, le Hero Elite MT CA propose une nouvelle alternative à la gamme Hero de chez Rossignol.\n\nAvec la présence de carbone dans sa structure, le Hero Elite MT CA est un ski puissant inspiré de la course sans pour autant être aussi exigent qu\'un ski à construction en titane. Son rayon polyvalent de 14m lui permet de pouvoir être envoyé sur différents types de courbes, afin de pouvoir varier les plaisirs.\n\nA l\'image du reste des skis de la gamme Hero Elite, ce modèle dispose de la technologie LCT (Line Control technology) qui permet de limiter l\'effet de contre flex grâce à la présence d\'un rail sur toute la longueur du ski, apportant une meilleure maitrise des trajectoire à tout instant. \n\nGrâce à un noyau en peuplier apportant un flex homogène et à un léger rocker en spatule, le Hero Elite MT CA propose un excellent compromis entre accessibilité et agressivité, un ski facile à prendre en main dès lors que l\'on dispose d\'une certaine technique et permettant tout de même une grande agressivité sur les pistes lorsque l\'envie nous prend.\n\nDestiné donc aux skieurs techniques à la recherche d\'un bon compromis entre un ski purement typé compétition et un ski trop peu puissant, ces skieurs se retrouveront parfaitement dans ce modèle qui sera capable de s\'adapter à votre style en fonction de leur humeur sur les pistes.','2020-08-06','Une paire de ski de piste','/img/ski_de_piste/ski_de_piste.jpg'),(9,2,10,50,339.9,'Destiné aux skieurs techniques et friands de compétition, le Hero Elite MT CA propose une nouvelle alternative à la gamme Hero de chez Rossignol.\n\nAvec la présence de carbone dans sa structure, le Hero Elite MT CA est un ski puissant inspiré de la course sans pour autant être aussi exigent qu\'un ski à construction en titane. Son rayon polyvalent de 14m lui permet de pouvoir être envoyé sur différents types de courbes, afin de pouvoir varier les plaisirs.\n\nA l\'image du reste des skis de la gamme Hero Elite, ce modèle dispose de la technologie LCT (Line Control technology) qui permet de limiter l\'effet de contre flex grâce à la présence d\'un rail sur toute la longueur du ski, apportant une meilleure maitrise des trajectoire à tout instant. \n\nGrâce à un noyau en peuplier apportant un flex homogène et à un léger rocker en spatule, le Hero Elite MT CA propose un excellent compromis entre accessibilité et agressivité, un ski facile à prendre en main dès lors que l\'on dispose d\'une certaine technique et permettant tout de même une grande agressivité sur les pistes lorsque l\'envie nous prend.\n\nDestiné donc aux skieurs techniques à la recherche d\'un bon compromis entre un ski purement typé compétition et un ski trop peu puissant, ces skieurs se retrouveront parfaitement dans ce modèle qui sera capable de s\'adapter à votre style en fonction de leur humeur sur les pistes.','2020-08-06','Une paire de ski de piste','/img/ski_de_piste/ski_de_piste.jpg'),(10,2,1,50,259.9,'Destiné aux skieurs techniques et friands de compétition, le Hero Elite MT CA propose une nouvelle alternative à la gamme Hero de chez Rossignol.\n\nAvec la présence de carbone dans sa structure, le Hero Elite MT CA est un ski puissant inspiré de la course sans pour autant être aussi exigent qu\'un ski à construction en titane. Son rayon polyvalent de 14m lui permet de pouvoir être envoyé sur différents types de courbes, afin de pouvoir varier les plaisirs.\n\nA l\'image du reste des skis de la gamme Hero Elite, ce modèle dispose de la technologie LCT (Line Control technology) qui permet de limiter l\'effet de contre flex grâce à la présence d\'un rail sur toute la longueur du ski, apportant une meilleure maitrise des trajectoire à tout instant. \n\nGrâce à un noyau en peuplier apportant un flex homogène et à un léger rocker en spatule, le Hero Elite MT CA propose un excellent compromis entre accessibilité et agressivité, un ski facile à prendre en main dès lors que l\'on dispose d\'une certaine technique et permettant tout de même une grande agressivité sur les pistes lorsque l\'envie nous prend.\n\nDestiné donc aux skieurs techniques à la recherche d\'un bon compromis entre un ski purement typé compétition et un ski trop peu puissant, ces skieurs se retrouveront parfaitement dans ce modèle qui sera capable de s\'adapter à votre style en fonction de leur humeur sur les pistes.','2020-08-06','Une paire de ski de piste','/img/ski_de_piste/ski_de_piste.jpg'),(11,2,1,5,259.9,'Destiné aux skieurs techniques et friands de compétition, le Hero Elite MT CA propose une nouvelle alternative à la gamme Hero de chez Rossignol.\n\nAvec la présence de carbone dans sa structure, le Hero Elite MT CA est un ski puissant inspiré de la course sans pour autant être aussi exigent qu\'un ski à construction en titane. Son rayon polyvalent de 14m lui permet de pouvoir être envoyé sur différents types de courbes, afin de pouvoir varier les plaisirs.\n\nA l\'image du reste des skis de la gamme Hero Elite, ce modèle dispose de la technologie LCT (Line Control technology) qui permet de limiter l\'effet de contre flex grâce à la présence d\'un rail sur toute la longueur du ski, apportant une meilleure maitrise des trajectoire à tout instant. \n\nGrâce à un noyau en peuplier apportant un flex homogène et à un léger rocker en spatule, le Hero Elite MT CA propose un excellent compromis entre accessibilité et agressivité, un ski facile à prendre en main dès lors que l\'on dispose d\'une certaine technique et permettant tout de même une grande agressivité sur les pistes lorsque l\'envie nous prend.\n\nDestiné donc aux skieurs techniques à la recherche d\'un bon compromis entre un ski purement typé compétition et un ski trop peu puissant, ces skieurs se retrouveront parfaitement dans ce modèle qui sera capable de s\'adapter à votre style en fonction de leur humeur sur les pistes.','2020-08-06','Une paire de ski de piste en très peu de quantité','/img/ski_de_piste/ski_de_piste.jpg'),(12,2,12,150,159.9,'Destiné aux skieurs techniques et friands de compétition, le Hero Elite MT CA propose une nouvelle alternative à la gamme Hero de chez Rossignol.\n\nAvec la présence de carbone dans sa structure, le Hero Elite MT CA est un ski puissant inspiré de la course sans pour autant être aussi exigent qu\'un ski à construction en titane. Son rayon polyvalent de 14m lui permet de pouvoir être envoyé sur différents types de courbes, afin de pouvoir varier les plaisirs.\n\nA l\'image du reste des skis de la gamme Hero Elite, ce modèle dispose de la technologie LCT (Line Control technology) qui permet de limiter l\'effet de contre flex grâce à la présence d\'un rail sur toute la longueur du ski, apportant une meilleure maitrise des trajectoire à tout instant. \n\nGrâce à un noyau en peuplier apportant un flex homogène et à un léger rocker en spatule, le Hero Elite MT CA propose un excellent compromis entre accessibilité et agressivité, un ski facile à prendre en main dès lors que l\'on dispose d\'une certaine technique et permettant tout de même une grande agressivité sur les pistes lorsque l\'envie nous prend.\n\nDestiné donc aux skieurs techniques à la recherche d\'un bon compromis entre un ski purement typé compétition et un ski trop peu puissant, ces skieurs se retrouveront parfaitement dans ce modèle qui sera capable de s\'adapter à votre style en fonction de leur humeur sur les pistes.','2020-08-06','Une paire de ski de piste en très grande quantité','/img/ski_de_piste/ski_de_piste.jpg'),(13,2,12,45,199.9,'Destiné aux skieurs techniques et friands de compétition, le Hero Elite MT CA propose une nouvelle alternative à la gamme Hero de chez Rossignol.\n\nAvec la présence de carbone dans sa structure, le Hero Elite MT CA est un ski puissant inspiré de la course sans pour autant être aussi exigent qu\'un ski à construction en titane. Son rayon polyvalent de 14m lui permet de pouvoir être envoyé sur différents types de courbes, afin de pouvoir varier les plaisirs.\n\nA l\'image du reste des skis de la gamme Hero Elite, ce modèle dispose de la technologie LCT (Line Control technology) qui permet de limiter l\'effet de contre flex grâce à la présence d\'un rail sur toute la longueur du ski, apportant une meilleure maitrise des trajectoire à tout instant. \n\nGrâce à un noyau en peuplier apportant un flex homogène et à un léger rocker en spatule, le Hero Elite MT CA propose un excellent compromis entre accessibilité et agressivité, un ski facile à prendre en main dès lors que l\'on dispose d\'une certaine technique et permettant tout de même une grande agressivité sur les pistes lorsque l\'envie nous prend.\n\nDestiné donc aux skieurs techniques à la recherche d\'un bon compromis entre un ski purement typé compétition et un ski trop peu puissant, ces skieurs se retrouveront parfaitement dans ce modèle qui sera capable de s\'adapter à votre style en fonction de leur humeur sur les pistes.','2020-08-06','Une paire de ski de piste','/img/ski_de_piste/ski_de_piste.jpg'),(14,3,12,45,199.9,'Destiné aux skieurs techniques et friands de compétition, le Hero Elite MT CA propose une nouvelle alternative à la gamme Hero de chez Rossignol.\n\nAvec la présence de carbone dans sa structure, le Hero Elite MT CA est un ski puissant inspiré de la course sans pour autant être aussi exigent qu\'un ski à construction en titane. Son rayon polyvalent de 14m lui permet de pouvoir être envoyé sur différents types de courbes, afin de pouvoir varier les plaisirs.\n\nA l\'image du reste des skis de la gamme Hero Elite, ce modèle dispose de la technologie LCT (Line Control technology) qui permet de limiter l\'effet de contre flex grâce à la présence d\'un rail sur toute la longueur du ski, apportant une meilleure maitrise des trajectoire à tout instant. \n\nGrâce à un noyau en peuplier apportant un flex homogène et à un léger rocker en spatule, le Hero Elite MT CA propose un excellent compromis entre accessibilité et agressivité, un ski facile à prendre en main dès lors que l\'on dispose d\'une certaine technique et permettant tout de même une grande agressivité sur les pistes lorsque l\'envie nous prend.\n\nDestiné donc aux skieurs techniques à la recherche d\'un bon compromis entre un ski purement typé compétition et un ski trop peu puissant, ces skieurs se retrouveront parfaitement dans ce modèle qui sera capable de s\'adapter à votre style en fonction de leur humeur sur les pistes.','2020-08-06','Une paire de ski de montagne','/img/ski_de_montagne/ski_de_montagne.png'),(15,3,12,35,259.9,'Destiné aux skieurs techniques et friands de compétition, le Hero Elite MT CA propose une nouvelle alternative à la gamme Hero de chez Rossignol.\n\nAvec la présence de carbone dans sa structure, le Hero Elite MT CA est un ski puissant inspiré de la course sans pour autant être aussi exigent qu\'un ski à construction en titane. Son rayon polyvalent de 14m lui permet de pouvoir être envoyé sur différents types de courbes, afin de pouvoir varier les plaisirs.\n\nA l\'image du reste des skis de la gamme Hero Elite, ce modèle dispose de la technologie LCT (Line Control technology) qui permet de limiter l\'effet de contre flex grâce à la présence d\'un rail sur toute la longueur du ski, apportant une meilleure maitrise des trajectoire à tout instant. \n\nGrâce à un noyau en peuplier apportant un flex homogène et à un léger rocker en spatule, le Hero Elite MT CA propose un excellent compromis entre accessibilité et agressivité, un ski facile à prendre en main dès lors que l\'on dispose d\'une certaine technique et permettant tout de même une grande agressivité sur les pistes lorsque l\'envie nous prend.\n\nDestiné donc aux skieurs techniques à la recherche d\'un bon compromis entre un ski purement typé compétition et un ski trop peu puissant, ces skieurs se retrouveront parfaitement dans ce modèle qui sera capable de s\'adapter à votre style en fonction de leur humeur sur les pistes.','2020-08-06','Une paire de ski de montagne','/img/ski_de_montagne/ski_de_montagne.png'),(16,3,1,30,139.9,'Destiné aux skieurs techniques et friands de compétition, le Hero Elite MT CA propose une nouvelle alternative à la gamme Hero de chez Rossignol.\n\nAvec la présence de carbone dans sa structure, le Hero Elite MT CA est un ski puissant inspiré de la course sans pour autant être aussi exigent qu\'un ski à construction en titane. Son rayon polyvalent de 14m lui permet de pouvoir être envoyé sur différents types de courbes, afin de pouvoir varier les plaisirs.\n\nA l\'image du reste des skis de la gamme Hero Elite, ce modèle dispose de la technologie LCT (Line Control technology) qui permet de limiter l\'effet de contre flex grâce à la présence d\'un rail sur toute la longueur du ski, apportant une meilleure maitrise des trajectoire à tout instant. \n\nGrâce à un noyau en peuplier apportant un flex homogène et à un léger rocker en spatule, le Hero Elite MT CA propose un excellent compromis entre accessibilité et agressivité, un ski facile à prendre en main dès lors que l\'on dispose d\'une certaine technique et permettant tout de même une grande agressivité sur les pistes lorsque l\'envie nous prend.\n\nDestiné donc aux skieurs techniques à la recherche d\'un bon compromis entre un ski purement typé compétition et un ski trop peu puissant, ces skieurs se retrouveront parfaitement dans ce modèle qui sera capable de s\'adapter à votre style en fonction de leur humeur sur les pistes.','2020-08-06','Une paire de ski de montagne','/img/ski_de_montagne/ski_de_montagne.png'),(17,3,1,30,104.9,'Destiné aux skieurs techniques et friands de compétition, le Hero Elite MT CA propose une nouvelle alternative à la gamme Hero de chez Rossignol.\n\nAvec la présence de carbone dans sa structure, le Hero Elite MT CA est un ski puissant inspiré de la course sans pour autant être aussi exigent qu\'un ski à construction en titane. Son rayon polyvalent de 14m lui permet de pouvoir être envoyé sur différents types de courbes, afin de pouvoir varier les plaisirs.\n\nA l\'image du reste des skis de la gamme Hero Elite, ce modèle dispose de la technologie LCT (Line Control technology) qui permet de limiter l\'effet de contre flex grâce à la présence d\'un rail sur toute la longueur du ski, apportant une meilleure maitrise des trajectoire à tout instant. \n\nGrâce à un noyau en peuplier apportant un flex homogène et à un léger rocker en spatule, le Hero Elite MT CA propose un excellent compromis entre accessibilité et agressivité, un ski facile à prendre en main dès lors que l\'on dispose d\'une certaine technique et permettant tout de même une grande agressivité sur les pistes lorsque l\'envie nous prend.\n\nDestiné donc aux skieurs techniques à la recherche d\'un bon compromis entre un ski purement typé compétition et un ski trop peu puissant, ces skieurs se retrouveront parfaitement dans ce modèle qui sera capable de s\'adapter à votre style en fonction de leur humeur sur les pistes.','2020-08-06','Une paire de ski de montagne','/img/ski_de_montagne/ski_de_montagne.png'),(18,4,15,15,204.9,'Destiné aux skieurs techniques et friands de compétition, le Hero Elite MT CA propose une nouvelle alternative à la gamme Hero de chez Rossignol.\n\nAvec la présence de carbone dans sa structure, le Hero Elite MT CA est un ski puissant inspiré de la course sans pour autant être aussi exigent qu\'un ski à construction en titane. Son rayon polyvalent de 14m lui permet de pouvoir être envoyé sur différents types de courbes, afin de pouvoir varier les plaisirs.\n\nA l\'image du reste des skis de la gamme Hero Elite, ce modèle dispose de la technologie LCT (Line Control technology) qui permet de limiter l\'effet de contre flex grâce à la présence d\'un rail sur toute la longueur du ski, apportant une meilleure maitrise des trajectoire à tout instant. \n\nGrâce à un noyau en peuplier apportant un flex homogène et à un léger rocker en spatule, le Hero Elite MT CA propose un excellent compromis entre accessibilité et agressivité, un ski facile à prendre en main dès lors que l\'on dispose d\'une certaine technique et permettant tout de même une grande agressivité sur les pistes lorsque l\'envie nous prend.\n\nDestiné donc aux skieurs techniques à la recherche d\'un bon compromis entre un ski purement typé compétition et un ski trop peu puissant, ces skieurs se retrouveront parfaitement dans ce modèle qui sera capable de s\'adapter à votre style en fonction de leur humeur sur les pistes.','2020-08-06','Une planche de snow','/img/snow/snow.png'),(19,4,15,5,59.9,'Destiné aux skieurs techniques et friands de compétition, le Hero Elite MT CA propose une nouvelle alternative à la gamme Hero de chez Rossignol.\n\nAvec la présence de carbone dans sa structure, le Hero Elite MT CA est un ski puissant inspiré de la course sans pour autant être aussi exigent qu\'un ski à construction en titane. Son rayon polyvalent de 14m lui permet de pouvoir être envoyé sur différents types de courbes, afin de pouvoir varier les plaisirs.\n\nA l\'image du reste des skis de la gamme Hero Elite, ce modèle dispose de la technologie LCT (Line Control technology) qui permet de limiter l\'effet de contre flex grâce à la présence d\'un rail sur toute la longueur du ski, apportant une meilleure maitrise des trajectoire à tout instant. \n\nGrâce à un noyau en peuplier apportant un flex homogène et à un léger rocker en spatule, le Hero Elite MT CA propose un excellent compromis entre accessibilité et agressivité, un ski facile à prendre en main dès lors que l\'on dispose d\'une certaine technique et permettant tout de même une grande agressivité sur les pistes lorsque l\'envie nous prend.\n\nDestiné donc aux skieurs techniques à la recherche d\'un bon compromis entre un ski purement typé compétition et un ski trop peu puissant, ces skieurs se retrouveront parfaitement dans ce modèle qui sera capable de s\'adapter à votre style en fonction de leur humeur sur les pistes.','2020-08-06','Une planche de snow pas chère','/img/snow/snow.png'),(20,4,15,35,159.9,'Destiné aux skieurs techniques et friands de compétition, le Hero Elite MT CA propose une nouvelle alternative à la gamme Hero de chez Rossignol.\n\nAvec la présence de carbone dans sa structure, le Hero Elite MT CA est un ski puissant inspiré de la course sans pour autant être aussi exigent qu\'un ski à construction en titane. Son rayon polyvalent de 14m lui permet de pouvoir être envoyé sur différents types de courbes, afin de pouvoir varier les plaisirs.\n\nA l\'image du reste des skis de la gamme Hero Elite, ce modèle dispose de la technologie LCT (Line Control technology) qui permet de limiter l\'effet de contre flex grâce à la présence d\'un rail sur toute la longueur du ski, apportant une meilleure maitrise des trajectoire à tout instant. \n\nGrâce à un noyau en peuplier apportant un flex homogène et à un léger rocker en spatule, le Hero Elite MT CA propose un excellent compromis entre accessibilité et agressivité, un ski facile à prendre en main dès lors que l\'on dispose d\'une certaine technique et permettant tout de même une grande agressivité sur les pistes lorsque l\'envie nous prend.\n\nDestiné donc aux skieurs techniques à la recherche d\'un bon compromis entre un ski purement typé compétition et un ski trop peu puissant, ces skieurs se retrouveront parfaitement dans ce modèle qui sera capable de s\'adapter à votre style en fonction de leur humeur sur les pistes.','2020-08-06','Une planche de snow','/img/snow/snow.png'),(21,4,13,35,119.9,'Destiné aux skieurs techniques et friands de compétition, le Hero Elite MT CA propose une nouvelle alternative à la gamme Hero de chez Rossignol.\n\nAvec la présence de carbone dans sa structure, le Hero Elite MT CA est un ski puissant inspiré de la course sans pour autant être aussi exigent qu\'un ski à construction en titane. Son rayon polyvalent de 14m lui permet de pouvoir être envoyé sur différents types de courbes, afin de pouvoir varier les plaisirs.\n\nA l\'image du reste des skis de la gamme Hero Elite, ce modèle dispose de la technologie LCT (Line Control technology) qui permet de limiter l\'effet de contre flex grâce à la présence d\'un rail sur toute la longueur du ski, apportant une meilleure maitrise des trajectoire à tout instant. \n\nGrâce à un noyau en peuplier apportant un flex homogène et à un léger rocker en spatule, le Hero Elite MT CA propose un excellent compromis entre accessibilité et agressivité, un ski facile à prendre en main dès lors que l\'on dispose d\'une certaine technique et permettant tout de même une grande agressivité sur les pistes lorsque l\'envie nous prend.\n\nDestiné donc aux skieurs techniques à la recherche d\'un bon compromis entre un ski purement typé compétition et un ski trop peu puissant, ces skieurs se retrouveront parfaitement dans ce modèle qui sera capable de s\'adapter à votre style en fonction de leur humeur sur les pistes.','2020-08-06','Une planche de snow','/img/snow/snow.png'),(22,4,13,25,109.9,'Destiné aux skieurs techniques et friands de compétition, le Hero Elite MT CA propose une nouvelle alternative à la gamme Hero de chez Rossignol.\n\nAvec la présence de carbone dans sa structure, le Hero Elite MT CA est un ski puissant inspiré de la course sans pour autant être aussi exigent qu\'un ski à construction en titane. Son rayon polyvalent de 14m lui permet de pouvoir être envoyé sur différents types de courbes, afin de pouvoir varier les plaisirs.\n\nA l\'image du reste des skis de la gamme Hero Elite, ce modèle dispose de la technologie LCT (Line Control technology) qui permet de limiter l\'effet de contre flex grâce à la présence d\'un rail sur toute la longueur du ski, apportant une meilleure maitrise des trajectoire à tout instant. \n\nGrâce à un noyau en peuplier apportant un flex homogène et à un léger rocker en spatule, le Hero Elite MT CA propose un excellent compromis entre accessibilité et agressivité, un ski facile à prendre en main dès lors que l\'on dispose d\'une certaine technique et permettant tout de même une grande agressivité sur les pistes lorsque l\'envie nous prend.\n\nDestiné donc aux skieurs techniques à la recherche d\'un bon compromis entre un ski purement typé compétition et un ski trop peu puissant, ces skieurs se retrouveront parfaitement dans ce modèle qui sera capable de s\'adapter à votre style en fonction de leur humeur sur les pistes.','2020-08-06','Une planche de snow','/img/snow/snow.png'),(23,5,5,55,89.9,'Destiné aux skieurs techniques et friands de compétition, le Hero Elite MT CA propose une nouvelle alternative à la gamme Hero de chez Rossignol.\n\nAvec la présence de carbone dans sa structure, le Hero Elite MT CA est un ski puissant inspiré de la course sans pour autant être aussi exigent qu\'un ski à construction en titane. Son rayon polyvalent de 14m lui permet de pouvoir être envoyé sur différents types de courbes, afin de pouvoir varier les plaisirs.\n\nA l\'image du reste des skis de la gamme Hero Elite, ce modèle dispose de la technologie LCT (Line Control technology) qui permet de limiter l\'effet de contre flex grâce à la présence d\'un rail sur toute la longueur du ski, apportant une meilleure maitrise des trajectoire à tout instant. \n\nGrâce à un noyau en peuplier apportant un flex homogène et à un léger rocker en spatule, le Hero Elite MT CA propose un excellent compromis entre accessibilité et agressivité, un ski facile à prendre en main dès lors que l\'on dispose d\'une certaine technique et permettant tout de même une grande agressivité sur les pistes lorsque l\'envie nous prend.\n\nDestiné donc aux skieurs techniques à la recherche d\'un bon compromis entre un ski purement typé compétition et un ski trop peu puissant, ces skieurs se retrouveront parfaitement dans ce modèle qui sera capable de s\'adapter à votre style en fonction de leur humeur sur les pistes.','2020-08-06','Des vêtements','/img/vetement/vetement.jpeg'),(24,5,5,35,599.9,'Destiné aux skieurs techniques et friands de compétition, le Hero Elite MT CA propose une nouvelle alternative à la gamme Hero de chez Rossignol.\n\nAvec la présence de carbone dans sa structure, le Hero Elite MT CA est un ski puissant inspiré de la course sans pour autant être aussi exigent qu\'un ski à construction en titane. Son rayon polyvalent de 14m lui permet de pouvoir être envoyé sur différents types de courbes, afin de pouvoir varier les plaisirs.\n\nA l\'image du reste des skis de la gamme Hero Elite, ce modèle dispose de la technologie LCT (Line Control technology) qui permet de limiter l\'effet de contre flex grâce à la présence d\'un rail sur toute la longueur du ski, apportant une meilleure maitrise des trajectoire à tout instant. \n\nGrâce à un noyau en peuplier apportant un flex homogène et à un léger rocker en spatule, le Hero Elite MT CA propose un excellent compromis entre accessibilité et agressivité, un ski facile à prendre en main dès lors que l\'on dispose d\'une certaine technique et permettant tout de même une grande agressivité sur les pistes lorsque l\'envie nous prend.\n\nDestiné donc aux skieurs techniques à la recherche d\'un bon compromis entre un ski purement typé compétition et un ski trop peu puissant, ces skieurs se retrouveront parfaitement dans ce modèle qui sera capable de s\'adapter à votre style en fonction de leur humeur sur les pistes.','2020-08-06','Des vêtements très cher','/img/vetement/vetement.jpeg'),(25,5,3,35,125.9,'Destiné aux skieurs techniques et friands de compétition, le Hero Elite MT CA propose une nouvelle alternative à la gamme Hero de chez Rossignol.\n\nAvec la présence de carbone dans sa structure, le Hero Elite MT CA est un ski puissant inspiré de la course sans pour autant être aussi exigent qu\'un ski à construction en titane. Son rayon polyvalent de 14m lui permet de pouvoir être envoyé sur différents types de courbes, afin de pouvoir varier les plaisirs.\n\nA l\'image du reste des skis de la gamme Hero Elite, ce modèle dispose de la technologie LCT (Line Control technology) qui permet de limiter l\'effet de contre flex grâce à la présence d\'un rail sur toute la longueur du ski, apportant une meilleure maitrise des trajectoire à tout instant. \n\nGrâce à un noyau en peuplier apportant un flex homogène et à un léger rocker en spatule, le Hero Elite MT CA propose un excellent compromis entre accessibilité et agressivité, un ski facile à prendre en main dès lors que l\'on dispose d\'une certaine technique et permettant tout de même une grande agressivité sur les pistes lorsque l\'envie nous prend.\n\nDestiné donc aux skieurs techniques à la recherche d\'un bon compromis entre un ski purement typé compétition et un ski trop peu puissant, ces skieurs se retrouveront parfaitement dans ce modèle qui sera capable de s\'adapter à votre style en fonction de leur humeur sur les pistes.','2020-08-06','Des vêtements','/img/vetement/vetement.jpeg'),(42,5,3,30,135.9,'Destiné aux skieurs techniques et friands de compétition, le Hero Elite MT CA propose une nouvelle alternative à la gamme Hero de chez Rossignol.\n\nAvec la présence de carbone dans sa structure, le Hero Elite MT CA est un ski puissant inspiré de la course sans pour autant être aussi exigent qu\'un ski à construction en titane. Son rayon polyvalent de 14m lui permet de pouvoir être envoyé sur différents types de courbes, afin de pouvoir varier les plaisirs.\n\nA l\'image du reste des skis de la gamme Hero Elite, ce modèle dispose de la technologie LCT (Line Control technology) qui permet de limiter l\'effet de contre flex grâce à la présence d\'un rail sur toute la longueur du ski, apportant une meilleure maitrise des trajectoire à tout instant. \n\nGrâce à un noyau en peuplier apportant un flex homogène et à un léger rocker en spatule, le Hero Elite MT CA propose un excellent compromis entre accessibilité et agressivité, un ski facile à prendre en main dès lors que l\'on dispose d\'une certaine technique et permettant tout de même une grande agressivité sur les pistes lorsque l\'envie nous prend.\n\nDestiné donc aux skieurs techniques à la recherche d\'un bon compromis entre un ski purement typé compétition et un ski trop peu puissant, ces skieurs se retrouveront parfaitement dans ce modèle qui sera capable de s\'adapter à votre style en fonction de leur humeur sur les pistes.','2020-08-06','Des vêtements','/img/vetement/vetement.jpeg'),(43,5,7,25,145.9,'Destiné aux skieurs techniques et friands de compétition, le Hero Elite MT CA propose une nouvelle alternative à la gamme Hero de chez Rossignol.\n\nAvec la présence de carbone dans sa structure, le Hero Elite MT CA est un ski puissant inspiré de la course sans pour autant être aussi exigent qu\'un ski à construction en titane. Son rayon polyvalent de 14m lui permet de pouvoir être envoyé sur différents types de courbes, afin de pouvoir varier les plaisirs.\n\nA l\'image du reste des skis de la gamme Hero Elite, ce modèle dispose de la technologie LCT (Line Control technology) qui permet de limiter l\'effet de contre flex grâce à la présence d\'un rail sur toute la longueur du ski, apportant une meilleure maitrise des trajectoire à tout instant. \n\nGrâce à un noyau en peuplier apportant un flex homogène et à un léger rocker en spatule, le Hero Elite MT CA propose un excellent compromis entre accessibilité et agressivité, un ski facile à prendre en main dès lors que l\'on dispose d\'une certaine technique et permettant tout de même une grande agressivité sur les pistes lorsque l\'envie nous prend.\n\nDestiné donc aux skieurs techniques à la recherche d\'un bon compromis entre un ski purement typé compétition et un ski trop peu puissant, ces skieurs se retrouveront parfaitement dans ce modèle qui sera capable de s\'adapter à votre style en fonction de leur humeur sur les pistes.','2020-08-06','Des vêtements','/img/vetement/vetement.jpeg'),(44,5,7,15,25.9,'Destiné aux skieurs techniques et friands de compétition, le Hero Elite MT CA propose une nouvelle alternative à la gamme Hero de chez Rossignol.\n\nAvec la présence de carbone dans sa structure, le Hero Elite MT CA est un ski puissant inspiré de la course sans pour autant être aussi exigent qu\'un ski à construction en titane. Son rayon polyvalent de 14m lui permet de pouvoir être envoyé sur différents types de courbes, afin de pouvoir varier les plaisirs.\n\nA l\'image du reste des skis de la gamme Hero Elite, ce modèle dispose de la technologie LCT (Line Control technology) qui permet de limiter l\'effet de contre flex grâce à la présence d\'un rail sur toute la longueur du ski, apportant une meilleure maitrise des trajectoire à tout instant. \n\nGrâce à un noyau en peuplier apportant un flex homogène et à un léger rocker en spatule, le Hero Elite MT CA propose un excellent compromis entre accessibilité et agressivité, un ski facile à prendre en main dès lors que l\'on dispose d\'une certaine technique et permettant tout de même une grande agressivité sur les pistes lorsque l\'envie nous prend.\n\nDestiné donc aux skieurs techniques à la recherche d\'un bon compromis entre un ski purement typé compétition et un ski trop peu puissant, ces skieurs se retrouveront parfaitement dans ce modèle qui sera capable de s\'adapter à votre style en fonction de leur humeur sur les pistes.','2020-08-06','Des vêtements','/img/vetement/vetement.jpeg');
/*!40000 ALTER TABLE `product` ENABLE KEYS */;
UNLOCK TABLES;

--
-- Table structure for table `user`
--

DROP TABLE IF EXISTS `user`;
/*!40101 SET @saved_cs_client     = @@character_set_client */;
/*!50503 SET character_set_client = utf8mb4 */;
CREATE TABLE `user` (
  `id` int NOT NULL AUTO_INCREMENT,
  `name` varchar(255) COLLATE utf8mb4_unicode_ci NOT NULL,
  `role` varchar(255) COLLATE utf8mb4_unicode_ci NOT NULL,
  `email` varchar(255) COLLATE utf8mb4_unicode_ci NOT NULL,
  `password` varchar(255) COLLATE utf8mb4_unicode_ci NOT NULL,
  `creation_date` date NOT NULL,
  PRIMARY KEY (`id`)
) ENGINE=InnoDB AUTO_INCREMENT=16 DEFAULT CHARSET=utf8mb4 COLLATE=utf8mb4_unicode_ci;
/*!40101 SET character_set_client = @saved_cs_client */;

--
-- Dumping data for table `user`
--

LOCK TABLES `user` WRITE;
/*!40000 ALTER TABLE `user` DISABLE KEYS */;
INSERT INTO `user` VALUES (1,'Alex','admin','alex@gmail.com','$argon2id$v=19$m=65536,t=4,p=1$M+IadvfIDfK62emOgSvRyw$YK7KazhP/sWQo+fxAQceQ/UuPd9Ml8eEffmQBV6NqxE','2020-08-06'),(2,'Aurélie','admin','aurelie@gmail.com','$argon2id$v=19$m=65536,t=4,p=1$dluurP3OdsAQH0HpM82WgQ$frYs8NrAGGqGtxIWQEtxeA6JTZF0FdQWrE8xKnSM880','2020-08-06'),(3,'Dahaba','admin','dahaba@gmail.com','$argon2id$v=19$m=65536,t=4,p=1$TiogqaxCbI1CSZjWHPS0EA$G5zKdMjrNA/31w6/0JMvmmqO7b6/klT6678RCnmaajc','2020-08-06'),(4,'Mona','admin','mona@gmail.com','$argon2id$v=19$m=65536,t=4,p=1$q88L/At84qcXJ7poM3Y3tQ$QaSs5CGsm8xfaqo3mYccqhIaf4zIm50WjpnCXhHueAg','2020-08-06'),(5,'Arnaud','admin','arnaud@gmail.com','$argon2id$v=19$m=65536,t=4,p=1$2scj1f7kYYoNifS377+7AA$Sqx4AlbNhrd8OSrDRsGwqyQM/CEdx3CIt0dfMfV/Lgc','2020-08-06'),(6,'User1','user','user1@gmail.com','$argon2id$v=19$m=65536,t=4,p=1$i3JsHvVeKHxf171ClNGPbA$pNF+WJKzLBQ1J6zgdtyEM6PkbQaiHJ4LGhuQq5F4yzo','2020-08-06'),(7,'User2','user','user2@gmail.com','$argon2id$v=19$m=65536,t=4,p=1$ex+noTMOWlEyaSlaA67wWg$zQjtCT/E9h/J9YR66jShLPAyF8/HxVCt0tMc7KgZDKg','2020-08-06'),(8,'User3','user','user3@gmail.com','$argon2id$v=19$m=65536,t=4,p=1$2mCVT9BT98Iau7wIAvYJPA$DVQsM7tGJt1RESu2Qmyo3M1U2PSkkansAPqailAymUk','2020-08-06'),(9,'User4','user','user4@gmail.com','$argon2id$v=19$m=65536,t=4,p=1$Yt6j66XS4ryERdxsrKzOxw$uWho73hqAX+PqTX3hVQtKaSZcMjxVk/MhpZBcIeqpXU','2020-08-06'),(10,'User5','user','user5@gmail.com','$argon2id$v=19$m=65536,t=4,p=1$N15RNLTA7OO6RvrfEN7w8A$WQ/wQBw3mL5DChq8dbTtv9lKaN7GOGRzD6rbAdfOo/E','2020-08-06'),(11,'User6','user','user6@gmail.com','$argon2id$v=19$m=65536,t=4,p=1$ZBaWAGeyNujZ3l7UYmQyDw$E3qKIrBWv4m0fMve1xjBhDu0BZCdbAzm8sX8OmCeM1c','2020-08-06'),(12,'User7','user','user7@gmail.com','$argon2id$v=19$m=65536,t=4,p=1$3+YmnwErBYSBllTG10TZhw$Vt5N7Jd5qfVQJkzhwIK7aVd0B9mw/N6u6x8in95xgNg','2020-08-06'),(13,'User8','user','user8@gmail.com','$argon2id$v=19$m=65536,t=4,p=1$MMQUFWgzgxEvGX0ZeX5EIg$USZ1QkpO7Q4j0Vu28SMIGFZGs2kS+vPQljvLxiD9dkI','2020-08-06'),(14,'User9','user','user9@gmail.com','$argon2id$v=19$m=65536,t=4,p=1$sEOTOn2CVq6szBv7OSkzKg$nQs8L5/LVXTxSpxF06BNkoErAcxxLhsTaaanFsAj0mg','2020-08-06'),(15,'User10','user','user10@gmail.com','$argon2id$v=19$m=65536,t=4,p=1$ndD0pdoY9+vy0X99dLF8Ow$MRHXVWyQvCYzKZY2tshXw7ZlFcvLrZ7oXKbnKIV5gw0','2020-08-06');
/*!40000 ALTER TABLE `user` ENABLE KEYS */;
UNLOCK TABLES;
/*!40103 SET TIME_ZONE=@OLD_TIME_ZONE */;

/*!40101 SET SQL_MODE=@OLD_SQL_MODE */;
/*!40014 SET FOREIGN_KEY_CHECKS=@OLD_FOREIGN_KEY_CHECKS */;
/*!40014 SET UNIQUE_CHECKS=@OLD_UNIQUE_CHECKS */;
/*!40101 SET CHARACTER_SET_CLIENT=@OLD_CHARACTER_SET_CLIENT */;
/*!40101 SET CHARACTER_SET_RESULTS=@OLD_CHARACTER_SET_RESULTS */;
/*!40101 SET COLLATION_CONNECTION=@OLD_COLLATION_CONNECTION */;
/*!40111 SET SQL_NOTES=@OLD_SQL_NOTES */;

-- Dump completed on 2020-08-06 21:18:47
